show_id,type,title,director,cast,country,date_added,release_year,rating,duration,listed_in,description,series_title
s42,Movie,Jaws,Steven Spielberg,"Roy Scheider, Robert Shaw, Richard Dreyfuss, Lorraine Gary, Murray Hamilton, Carl Gottlieb, Jeffrey Kramer, Susan Backlinie, Jonathan Filley, Ted Grossman",United States,"September 16, 2021",1975,PG,124 min,"Action & Adventure, Classic Movies, Dramas","When an insatiable great white shark terrorizes Amity Island, a police chief, an oceanographer and a grizzled shark hunter seek to destroy the beast.",Jaws
s49,Movie,Training Day,Antoine Fuqua,"Denzel Washington, Ethan Hawke, Scott Glenn, Tom Berenger, Harris Yulin, Raymond J. Barry, Cliff Curtis, Dr. Dre, Snoop Dogg, Macy Gray, Eva Mendes",United States,"September 16, 2021",2001,R,122 min,"Dramas, Thrillers",A rookie cop with one day to prove himself to a veteran LAPD narcotics officer receives a crash course in his mentor's questionable brand of justice.,Training Day
s140,Movie,Do the Right Thing,Spike Lee,"Danny Aiello, Ossie Davis, Ruby Dee, Richard Edson, Giancarlo Esposito, Spike Lee, Bill Nunn, John Turturro, Paul Benjamin, Frankie Faison, Samuel L. Jackson, Rosie Perez, Martin Lawrence, Miguel Sandoval",United States,"September 1, 2021",1989,R,120 min,"Classic Movies, Comedies, Dramas","On a sweltering day in Brooklyn, simmering racial tensions between residents rise to the surface and ignite rage, violence and tragedy.",Do the Right Thing
s167,Movie,Once Upon a Time in America,Sergio Leone,"Robert De Niro, James Woods, Elizabeth McGovern, Treat Williams, Tuesday Weld, Burt Young, Joe Pesci, Danny Aiello, William Forsythe, James Hayden","Italy, United States","September 1, 2021",1984,R,229 min,"Classic Movies, Dramas",Director Sergio Leone's sprawling crime epic follows a group of Jewish mobsters who rise in the ranks of organized crime in 1920s New York City.,Once Upon a Time in America
s192,Movie,Wind River,Taylor Sheridan,"Jeremy Renner, Elizabeth Olsen, Jon Bernthal, Gil Birmingham, Kelsey Asbille, Tantoo Cardinal, Teo Briones, Matthew Del Negro, Hugh Dillon, Julia Jones, James Jordan, Eric Lange, Martin Sensmeier, Mason Davis, Graham Greene","United Kingdom, Canada, United States","August 28, 2021",2017,R,107 min,"Dramas, Independent Movies",A tracker with the U.S. Fish and Wildlife Service assists a rookie FBI agent who's investigating a teen girl's murder on a remote Wyoming reservation.,Wind River
s330,Movie,Catch Me If You Can,Steven Spielberg,"Leonardo DiCaprio, Tom Hanks, Christopher Walken, Martin Sheen, Nathalie Baye, Amy Adams, James Brolin, Brian Howe, Frank John Hughes, Steve Eastin","United States, Canada","August 1, 2021",2002,PG-13,142 min,Dramas,"An FBI agent makes it his mission to put cunning con man Frank Abagnale Jr. behind bars. But Frank not only eludes capture, he revels in the pursuit.",Catch Me If You Can
s334,Movie,Ferris Bueller's Day Off,John Hughes,"Matthew Broderick, Alan Ruck, Mia Sara, Jeffrey Jones, Jennifer Grey, Cindy Pickett, Lyman Ward, Edie McClurg, Charlie Sheen, Kristy Swanson, Ben Stein, Del Close",United States,"August 1, 2021",1986,PG-13,103 min,"Classic Movies, Comedies, Cult Movies","After faking an illness to skip school, popular teen Ferris Bueller enjoys a fun-filled day in Chicago with his girlfriend and his uptight best friend.",Ferris Bueller's Day Off
s341,Movie,Inception,Christopher Nolan,"Leonardo DiCaprio, Joseph Gordon-Levitt, Elliot Page, Tom Hardy, Ken Watanabe, Dileep Rao, Cillian Murphy, Tom Berenger, Marion Cotillard, Pete Postlethwaite, Michael Caine, Lukas Haas","United States, United Kingdom","August 1, 2021",2010,PG-13,148 min,"Action & Adventure, Sci-Fi & Fantasy, Thrillers",A troubled thief who extracts secrets from people's dreams takes one last job: leading a dangerous mission to plant an idea in a target's subconscious.,Inception
s342,Movie,Magnolia,Paul Thomas Anderson,"John C. Reilly, Philip Baker Hall, Tom Cruise, Julianne Moore, Philip Seymour Hoffman, William H. Macy, Jeremy Blackman, Jason Robards, Melinda Dillon, April Grace, Luis Guzmán, Ricky Jay, Alfred Molina, Michael Murphy, Melora Walters",United States,"August 1, 2021",1999,R,189 min,"Dramas, Independent Movies","Through chance, history and divine intervention, a cast of eclectic characters weaves and warps through each other's lives on a random day in California.",Magnolia
s358,Movie,The Machinist,Brad Anderson,"Christian Bale, Jennifer Jason Leigh, Aitana Sánchez-Gijón, John Sharian, Michael Ironside, Lawrence Gilliard Jr., Reg E. Cathey, Anna Massey, Matthew Romero, Robert Long, Colin Stinton, Craig Stevenson","Spain, France, United Kingdom, United States","August 1, 2021",2004,R,102 min,"Dramas, Independent Movies, Thrillers","Haunted and gaunt after a prolonged bout of insomnia, factory worker Trevor Reznik begins to question his sanity amid a series of mysterious events.",The Machinist
s393,Movie,Django Unchained,Quentin Tarantino,"Jamie Foxx, Christoph Waltz, Leonardo DiCaprio, Kerry Washington, Samuel L. Jackson, Walton Goggins, Dennis Christopher, James Remar, David Steen, Dana Gourrier, Nichole Galicia, Laura Cayouette, Ato Essandoh, Sammi Rotibi, Escalante Lundy, Don Johnson",United States,"July 24, 2021",2012,R,165 min,"Action & Adventure, Dramas","Accompanied by a German bounty hunter, a freed slave named Django travels across America to free his wife from a sadistic plantation owner.",Django Unchained
s565,Movie,Boogie Nights,Paul Thomas Anderson,"Mark Wahlberg, Burt Reynolds, Julianne Moore, Heather Graham, William H. Macy, Don Cheadle, Philip Seymour Hoffman, Luis Guzmán, John C. Reilly, Philip Baker Hall",United States,"July 1, 2021",1997,R,155 min,"Comedies, Dramas, Independent Movies",A well-endowed busboy is taken in by a tight-knit group of 1970s porn actors and transforms himself into skin flick celebrity Dirk Diggler.,Boogie Nights
s592,Movie,Seven Pounds,Gabriele Muccino,"Will Smith, Rosario Dawson, Woody Harrelson, Michael Ealy, Barry Pepper, Elpidia Carrillo, Robinne Lee, Joe Nunez, Bill Smitrovich, Tim Kelleher, Gina Hecht, Andy Milder, Judyann Elder, Sarah Jane Morris",United States,"July 1, 2021",2008,PG-13,123 min,"Dramas, Romantic Movies","Weighed down by a dark secret, IRS agent Ben Thomas tries to improve the lives of seven strangers in need of a second chance.",Seven Pounds
s595,Movie,Star Trek,J.J. Abrams,"Chris Pine, Zachary Quinto, Karl Urban, Zoe Saldana, Simon Pegg, John Cho, Anton Yelchin, Eric Bana, Leonard Nimoy, Bruce Greenwood, Ben Cross, Winona Ryder","United States, Germany","July 1, 2021",2009,PG-13,128 min,"Action & Adventure, Sci-Fi & Fantasy","On their first voyage aboard the starship Enterprise, cocky rebel James T. Kirk and logic-driven Vulcan Spock try to defeat a vengeful Romulan commander.",Star Trek
s601,Movie,The Game,David Fincher,"Michael Douglas, Sean Penn, Deborah Kara Unger, James Rebhorn, Peter Donat, Carroll Baker, Anna Katarina, Armin Mueller-Stahl",United States,"July 1, 2021",1997,R,129 min,Thrillers,An aloof investment banker's life spirals into peril and paranoia after his brother gives him an odd birthday gift: the chance to play a mysterious game.,The Game
s638,TV Show,Ray,"Srijit Mukherji, Vasan Bala, Abhishek Chaubey","Manoj Bajpayee, Gajraj Rao, Kay Kay Menon, Ali Fazal, Harshvardhan Kapoor, Radhika Madan, Shweta Basu Prasad, Chandan Roy Sanyal, Akansha Ranjan Kapoor, Rajesh Sharma, Bidita Bag, Kharaj Mukherjee, Dibyendu Bhattacharya, Shruthy Menon, Anindita Bose, Neeraj Purohit, Loveleen Mishra, Raghuvir Yadav, Manoj Pahwa",N/A,"June 25, 2021",2021,TV-MA,1 Season,"International TV Shows, TV Dramas, TV Mysteries","From a satire to a psychological thriller, four short stories from celebrated auteur and writer Satyajit Ray are adapted for the screen in this series.",Ray
s703,Movie,Silver Linings Playbook,David O. Russell,"Bradley Cooper, Jennifer Lawrence, Robert De Niro, Jacki Weaver, Chris Tucker, Anupam Kher, John Ortiz, Shea Whigham, Julia Stiles, Paul Herman",United States,"June 17, 2021",2012,R,122 min,"Comedies, Dramas, Independent Movies","A man with bipolar disorder moves home with his parents and makes a connection with a spirited widow, which helps both of them heal in unique ways.",Silver Linings Playbook
s793,Movie,Flipped,Rob Reiner,"Madeline Carroll, Callan McAuliffe, Rebecca De Mornay, Anthony Edwards, John Mahoney, Penelope Ann Miller, Aidan Quinn, Kevin Weisman, Morgan Lily, Ryan Ketzner",United States,"June 2, 2021",2010,PG,90 min,"Comedies, Dramas, Romantic Movies","Bryce and Juli first meet as children, with Juli having a crush on Bryce. As they mature, it appears their bond may blossom into something more.",Flipped
s798,Movie,I Am Sam,Jessie Nelson,"Sean Penn, Michelle Pfeiffer, Dakota Fanning, Dianne Wiest, Loretta Devine, Richard Schiff, Laura Dern, Brad Silverman, Joseph Rosenberg, Stanley DeSantis, Doug Hutchison",United States,"June 2, 2021",2001,PG-13,132 min,Dramas,"When the legal system declares him unfit to be a parent, a father with an intellectual disability fights to regain custody of his young daughter.",I Am Sam
s800,Movie,Million Dollar Baby,Clint Eastwood,"Clint Eastwood, Hilary Swank, Morgan Freeman, Anthony Mackie, Jay Baruchel, Mike Colter, Lucia Rijker, Brían F. O'Byrne, Margo Martindale, Riki Lindhome",United States,"June 2, 2021",2004,PG-13,133 min,"Dramas, Sports Movies","When a cantankerous trainer mentors a persistent amateur boxer determined to go pro, deep-seated emotions become their strongest opponents.",Million Dollar Baby
s820,Movie,The Outlaw Josey Wales,Clint Eastwood,"Clint Eastwood, Sondra Locke, Chief Dan George, Bill McKinney, John Vernon, Paula Trueman, Sam Bottoms, Geraldine Keams, Woodrow Parfrey, Joyce Jameson",United States,"June 2, 2021",1976,PG,136 min,"Action & Adventure, Classic Movies","In this gritty Oscar-nominated Western, an ex-Confederate soldier on the run comes to rest in a quiet community, where he falls for a pretty settler.",The Outlaw Josey Wales
s934,Movie,Hachi: A Dog's Tale,Lasse Hallström,"Richard Gere, Joan Allen, Cary-Hiroyuki Tagawa, Sarah Roemer, Jason Alexander, Erick Avari, Davenia McFadden, Robbie Sublett, Kevin DeCoste, Rob Degnan","United Kingdom, United States","May 1, 2021",2009,G,93 min,"Children & Family Movies, Dramas","When his master dies, a loyal pooch named Hachiko keeps a vigil for more than a decade at the train station where he once greeted his owner every day.",Hachi: A Dog's Tale
s943,Movie,Mystic River,Clint Eastwood,"Sean Penn, Tim Robbins, Kevin Bacon, Laurence Fishburne, Marcia Gay Harden, Laura Linney, Kevin Chapman, Tom Guiry, Emmy Rossum, Spencer Treat Clark","United States, Australia","May 1, 2021",2003,R,138 min,"Dramas, Thrillers","Haunted by a monstrous crime, three childhood friends in Boston cross paths again decades later in connection with a murder investigation.",Mystic River
s996,Movie,Vizontele,"Yılmaz Erdoğan, Ömer Faruk Sorak","Yılmaz Erdoğan, Demet Akbağ, Altan Erkekli, Cem Yılmaz, Cezmi Baskın, Bican Günalan, Sebnem Sönmez, İclal Aydın, Mesut Çakarli, Zeynep Tokuş",Turkey,"April 23, 2021",2001,TV-MA,106 min,"Comedies, Dramas, International Movies","In 1974, a rural town in Anatolia gets its first television set – an event that's met with both excitement and trepidation by the villagers.",Vizontele
s1023,Movie,Taare Zameen Par,Aamir Khan,"Aamir Khan, Darsheel Safary, Tanay Chheda, Tisca Chopra, Vipin Sharma, Girija Oak, M.K. Raina",India,"April 17, 2021",2007,PG,162 min,"Dramas, International Movies","When daydreamer Ishaan is sent to boarding school, an unconventional art teacher tries to help the imaginative student discover his true identity.",Taare Zameen Par
s1034,Movie,Rush,Ron Howard,"Chris Hemsworth, Daniel Brühl, Olivia Wilde, Alexandra Maria Lara, Pierfrancesco Favino, David Calder, Natalie Dormer, Stephen Mangan, Christian McKay, Alistair Petrie","United Kingdom, Germany, United States","April 16, 2021",2013,R,123 min,"Action & Adventure, Dramas, International Movies","In the 1970s, a rivalry propels race car drivers Niki Lauda and James Hunt to fame and glory — until a horrible accident threatens to end it all.",Rush
s1115,Movie,3 Idiots,Rajkumar Hirani,"Aamir Khan, Kareena Kapoor, Madhavan, Sharman Joshi, Omi Vaidya, Boman Irani, Mona Singh, Javed Jaffrey",India,"April 1, 2021",2009,PG-13,164 min,"Comedies, Dramas, International Movies","While attending one of India's premier colleges, three miserable engineering students and best friends struggle to beat the school's draconian system.",3 Idiots
s1127,Movie,My Fair Lady,George Cukor,"Audrey Hepburn, Rex Harrison, Stanley Holloway, Wilfred Hyde-White, Gladys Cooper, Jeremy Brett, Theodore Bikel, Mona Washbourne, Isobel Elsom, John Holland, Alan Napier, Marni Nixon",United States,"April 1, 2021",1964,G,173 min,"Classic Movies, Music & Musicals","When a Cockney flower girl takes elocution lessons from an aloof professor, he decides to introduce her to high society, transforming both their lives.",My Fair Lady
s1139,Movie,The Pianist,Roman Polański,"Adrien Brody, Thomas Kretschmann, Frank Finlay, Maureen Lipman, Emilia Fox, Ed Stoppard, Julia Rayner, Jessica Kate Meyer, Ronan Vibert, Ruth Platt","United Kingdom, France, Poland, Germany, United States","April 1, 2021",2002,R,149 min,"Dramas, Independent Movies, International Movies",Famed Polish pianist Wladyslaw Szpilman struggles to survive the onslaught of Nazi tyranny during World War II in this drama based on his memoirs.,The Pianist
s1176,Movie,Philomena,Stephen Frears,"Judi Dench, Steve Coogan, Sophie Kennedy Clark, Mare Winningham, Barbara Jefford, Ruth McCabe, Peter Hermann, Sean Mahon, Anna Maxwell Martin, Michelle Fairley, Kate Fleetwood","United Kingdom, United States, France","March 22, 2021",2013,PG-13,98 min,"Dramas, Independent Movies, International Movies",A kind-hearted Irishwoman teams with an acerbic journalist to find the son she was forced to give up for adoption 50 years ago.,Philomena
s1252,Movie,Dances with Wolves,Kevin Costner,"Kevin Costner, Mary McDonnell, Rodney Grant, Graham Greene, Floyd ""Red Crow"" Westerman, Tantoo Cardinal, Robert Pastorelli, Charles Rocket, Maury Chaykin, Jimmy Herman","United States, United Kingdom","March 1, 2021",1990,PG-13,181 min,"Action & Adventure, Classic Movies, Dramas","On the frontier, a Civil War soldier bonds with a Sioux tribe and adapts to their way of life, becoming their ally amid growing threats.",Dances with Wolves
s1255,Movie,Rain Man,Barry Levinson,"Dustin Hoffman, Tom Cruise, Valeria Golino, Gerald R. Molen, Jack Murdock, Michael D. Roberts, Ralph Seymour, Lucinda Jenney, Bonnie Hunt",United States,"March 1, 2021",1988,R,134 min,"Classic Movies, Dramas","Motivated by money, a selfish workaholic seeking a piece of his late father's inheritance takes a life-changing road trip with his estranged brother.",Rain Man
s1260,Movie,Captain Fantastic,Matt Ross,"Viggo Mortensen, Frank Langella, George MacKay, Samantha Isler, Annalise Basso, Nicholas Hamilton, Shree Crooks, Charlie Shotwell, Ann Dowd, Erin Moriarty, Missi Pyle, Kathryn Hahn, Steve Zahn",United States,"February 26, 2021",2016,R,119 min,"Comedies, Dramas, Independent Movies","A father raising his children off the grid begins to question his anti-establishment, utopian views when a tragic loss pulls them back into society.",Captain Fantastic
s1359,Movie,Shutter Island,Martin Scorsese,"Leonardo DiCaprio, Mark Ruffalo, Ben Kingsley, Max von Sydow, Michelle Williams, Emily Mortimer, Patricia Clarkson, Jackie Earle Haley, Ted Levine, John Carroll Lynch, Elias Koteas",United States,"February 1, 2021",2010,R,139 min,Thrillers,A U.S. marshal's troubling visions compromise his investigation into the disappearance of a patient from a hospital for the criminally insane.,Shutter Island
s1422,Movie,The Intouchables,"Olivier Nakache, Éric Toledano","François Cluzet, Omar Sy, Anne Le Ny, Audrey Fleurot, Joséphine de Meaux, Clotilde Mollet, Alba Gaïa Kraghede Bellugi, Cyril Mendy",France,"January 11, 2021",2011,R,112 min,"Comedies, Dramas, International Movies","In need of a caregiver, a wealthy aristocrat with quadriplegia hires the last person anyone expects: an ex-con with no experience. Based on a true story.",The Intouchables
s1457,Movie,Into the Wild,Sean Penn,"Emile Hirsch, Marcia Gay Harden, William Hurt, Jena Malone, Brian Dierker, Catherine Keener, Vince Vaughn, Kristen Stewart, Hal Holbrook, Zach Galifianakis",United States,"January 1, 2021",2007,R,148 min,"Action & Adventure, Dramas, Independent Movies",A young man gives up everything – including his trust fund and ties to a seemingly stable family – to lead a solitary life in the wild.,Into the Wild
s1470,Movie,What's Eating Gilbert Grape,Lasse Hallström,"Johnny Depp, Leonardo DiCaprio, Juliette Lewis, Mary Steenburgen, Darlene Cates, Laura Harrington, Mary Kate Schellhardt, Kevin Tighe, John C. Reilly, Crispin Glover",United States,"January 1, 2021",1993,PG-13,118 min,"Classic Movies, Dramas, Independent Movies","In a backwater Iowa town, young Gilbert is torn between taking care of his troubled family and a girl who shows him new possibilities for his life.",What's Eating Gilbert Grape
s1815,Movie,Rebecca,Ben Wheatley,"Lily James, Armie Hammer, Kristin Scott Thomas, Keeley Hawes, Ann Dowd, Sam Riley, Tom Goodman-Hill, Mark Lewis Jones, John Hollingworth, Bill Paterson",United Kingdom,"October 21, 2020",2020,PG-13,123 min,"Dramas, Romantic Movies, Thrillers","A young newlywed moves to her husband's imposing estate, where she must contend with his sinister housekeeper and the haunting shadow of his late wife.",Rebecca
s1843,Movie,The Trial of the Chicago 7,Aaron Sorkin,"Sacha Baron Cohen, Eddie Redmayne, Yahya Abdul-Mateen II, Jeremy Strong, Mark Rylance, Joseph Gordon-Levitt, Michael Keaton, Frank Langella, John Carroll Lynch, Alex Sharp, John Doman, Ben Shenkman","United States, United Kingdom, India","October 16, 2020",2020,R,130 min,Dramas,What was supposed to be a peaceful protest turned into a violent clash with the police. What followed was one of the most notorious trials in history.,The Trial of the Chicago 7
s1913,Movie,Hunt for the Wilderpeople,Taika Waititi,"Sam Neill, Julian Dennison, Rima Te Wiata, Rachel House, Tioreore Ngatai-Melbourne, Oscar Kightley, Stan Walker, Mike Minogue, Cohen Holloway, Rhys Darby",New Zealand,"October 1, 2020",2016,PG-13,101 min,"Action & Adventure, Comedies, Dramas",A misadventure in the wilderness leads to life-changing discoveries for a troubled orphan teen from the city and his belligerent foster father.,Hunt for the Wilderpeople
s1944,Movie,Jab We Met,Imtiaz Ali,"Shahid Kapoor, Kareena Kapoor, Tarun Arora, Dara Singh, Pavan Malhotra, Kamal Tiwari, Kiran Juneja, Divya Seth, Saumya Tandon",India,"September 28, 2020",2007,TV-14,143 min,"Comedies, International Movies, Music & Musicals",Changing fortunes await a wealthy but dejected industrialist when he meets a spirited chatterbox on a train in this breezy Bollywood romantic comedy.,Jab We Met
s1973,Movie,Black,Raja Chanda,"Soham Chakraborty, Bidya Sinha Mim, Ashish Vidyarthi, Rajatabha Dutta, Rudranil Ghosh, Kharaj Mukherjee",India,"September 19, 2020",2015,TV-14,137 min,"Action & Adventure, International Movies","A small-town man takes on a dangerous gangster to avenge his father, a police officer who ended his own life after being framed in a deadly crime.",Black
s1990,TV Show,Baby,N/A,"Benedetta Porcaroli, Alice Pagani, Riccardo Mandolini, Chabeli Sastre Gonzalez, Brando Pacitto, Lorenzo Zurzolo, Claudia Pandolfi, Galatea Ranzi",Italy,"September 16, 2020",2020,TV-MA,3 Seasons,"International TV Shows, TV Dramas, Teen TV Shows","Fed up with their families and classmates, two teen girls from a wealthy part of Rome are drawn to the city's underworld and start leading double lives.",Baby
s2011,Movie,How to Train Your Dragon 2,Dean DeBlois,"Jay Baruchel, Cate Blanchett, Gerard Butler, Craig Ferguson, America Ferrera, Jonah Hill, Christopher Mintz-Plasse, T.J. Miller, Kristen Wiig, Djimon Hounsou, Kit Harington",United States,"September 11, 2020",2014,PG,102 min,Children & Family Movies,"Hiccup, Toothless and a mysterious dragon rider join forces to protect the island of Berk from a power-hungry warrior with a dragon army of his own.",How to Train Your Dragon 2
s2165,Movie,Sin City,Pascal Amanfo,"Yvonne Nelson, Kunle Remi, Adjetey Anang, Oscar Provencal, Michelle McKinney Hammond, Rosaline Meurer, Kweku Elliot, Regina Van Helvert, Alhaji Fadika, Isaac Akwesi Awonor",N/A,"August 5, 2020",2019,TV-14,101 min,"International Movies, Thrillers",A busy couple tries to give their love life a boost by taking an impromptu weekend trip only to find their relationship tested in unexpected ways.,Sin City
s2273,Movie,Drishyam,Nishikant Kamat,"Ajay Devgn, Shriya Saran, Tabu, Rajat Kapoor, Ishita Dutta, Mrunal Jadhav, Prasanna Ketkar, Yogesh Sonam, Prathamesh Parab, Rishabh Chaddha",India,"July 5, 2020",2015,TV-14,162 min,"Dramas, International Movies, Thrillers",An unexceptional man becomes a murder suspect when the son of a high-ranking police official who harassed his daughter goes missing.,Drishyam
s2273,Movie,Drishyam,Nishikant Kamat,"Ajay Devgn, Shriya Saran, Tabu, Rajat Kapoor, Ishita Dutta, Mrunal Jadhav, Prasanna Ketkar, Yogesh Sonam, Prathamesh Parab, Rishabh Chaddha",India,"July 5, 2020",2015,TV-14,162 min,"Dramas, International Movies, Thrillers",An unexceptional man becomes a murder suspect when the son of a high-ranking police official who harassed his daughter goes missing.,Drishyam
s2288,Movie,Queen,Vikas Bahl,"Kangana Ranaut, Rajkummar Rao, Lisa Haydon, Mish Boyko, Jeffrey Chee Eng Ho, Marco Canadea, Sabeeka Imam, Yogendra Tikku",India,"July 5, 2020",2014,TV-MA,138 min,"Comedies, Dramas, International Movies","Dumped by her fiancé, a sheltered young woman decides to go on her honeymoon to Europe alone, embarking on an exhilarating journey of self-discovery.",Queen
s2315,Movie,Stardust,Matthew Vaughn,"Claire Danes, Michelle Pfeiffer, Robert De Niro, Charlie Cox, Sienna Miller, Ricky Gervais, Jason Flemyng, Rupert Everett, Peter O'Toole, Mark Strong, Kate Magowan, Ian McKellen","United Kingdom, United States","July 1, 2020",2007,PG-13,128 min,"Action & Adventure, International Movies, Romantic Movies","To win his true love's heart, wide-eyed Tristan Thorn journeys to a forbidden realm to retrieve a fallen star that has taken human form.",Stardust
s2334,Movie,Ordinary People,Eduardo Roy Jr.,"Ronwaldo Martin, Hasmine Killip, Maria Isabel Lopez, Raymond Lee, Erlinda Villalobos, Sue Prado",Philippines,"June 26, 2020",2016,TV-MA,107 min,"Dramas, Independent Movies, International Movies","Barely making a living as pickpockets, a teenage couple in Manila resort to desperate measures when their one-month-old child is kidnapped.",Ordinary People
s2370,Movie,Dark Waters,Youssef Chahine,"Faten Hamama, Omar Sharif, Ahmed Ramzy, Hussein Riad, Ferdoos Mohammed, Aziza Helmy, Tawfik El Deken",Egypt,"June 18, 2020",1956,TV-14,104 min,"Classic Movies, Dramas, International Movies","A fisherman returns home after a three-year absence only to find the woman he loves drifting away, the sailors feuding and his community unraveling.",Dark Waters
s2546,Movie,Andaz Apna Apna,Rajkumar Santoshi,"Aamir Khan, Salman Khan, Raveena Tandon, Karisma Kapoor, Paresh Rawal, Mehmood, Deven Verma, Jagdeep, Shakti Kapoor",India,"May 11, 2020",1994,TV-14,160 min,"Action & Adventure, Comedies, Cult Movies","Broke and with no concrete plans for the future, two young men discover that a stunning heiress lives nearby and try to charm her into marriage.",Andaz Apna Apna
s2590,Movie,Psycho,Mysskin,"Udhayanidhi Stalin, Aditi Rao Hydari, Nithya Menon, Ram, Rajkumar Pitchumani",India,"May 1, 2020",2020,TV-MA,143 min,"Horror Movies, International Movies, Thrillers","As a visually impaired man attempts to rescue his love interest from a serial killer, the dark story behind the murderer’s disturbing psyche emerges.",Psycho
s2635,Movie,The Artist,Michel Hazanavicius,"Jean Dujardin, Bérénice Bejo, John Goodman, James Cromwell, Penelope Ann Miller, Missi Pyle, Beth Grant, Ed Lauter, Joel Murray, Elizabeth Tulloch, Ken Davitian, Malcolm McDowell","France, Belgium, United States","April 25, 2020",2011,PG-13,101 min,"Comedies, Dramas, Independent Movies","Winner of five Oscars, this black-and-white silent film follows the romance between a silent-era legend on a downward spiral and a rising starlet.",The Artist
s2705,Movie,The Florida Project,Sean Baker,"Brooklynn Prince, Bria Vinaite, Willem Dafoe, Christopher Rivera, Valeria Cotto, Macon Blair, Caleb Landry Jones",United States,"April 6, 2020",2017,R,111 min,"Dramas, Independent Movies",A mischievous 6-year-old finds the magic in her own circumstances while living with her troubled mom in a budget motel near Disney World.,The Florida Project
s2733,Movie,Kal Ho Naa Ho,Nikkhil Advani,"Shah Rukh Khan, Saif Ali Khan, Preity Zinta, Jaya Bhaduri, Sushma Seth, Reema Lagoo, Lillete Dubey, Delnaaz Paul",India,"April 1, 2020",2003,TV-14,187 min,"Comedies, Dramas, International Movies",An uptight MBA student falls for the charismatic new neighbor who charms her troubled family – but he has a secret that forces him to push her away.,Kal Ho Naa Ho
s2848,Movie,Freaks,"Adam B. Stein, Zach Lipovsky","Emile Hirsch, Bruce Dern, Lexy Kolker, Grace Park, Amanda Crew, Aleks Paunovic, Michelle Harrison","United States, Canada","March 3, 2020",2018,R,105 min,"Independent Movies, Sci-Fi & Fantasy, Thrillers","Hidden away by her eccentric father, a mysterious young girl uncovers frightening truths when she starts to make contact with the outside world.",Freaks
s2864,Movie,There Will Be Blood,Paul Thomas Anderson,"Daniel Day-Lewis, Paul Dano, Kevin J. O'Connor, Ciarán Hinds, Dillon Freasier, Sydney McCallister, David Willis, David Warshofsky, Colton Woodward, Russell Harvard",United States,"March 1, 2020",2007,R,158 min,"Dramas, Independent Movies","An ambitious prospector strikes it rich and turns a simple village into a boomtown, stoking the ire of a charismatic young preacher.",There Will Be Blood
s2882,Movie,Taxi Driver,Daniel Oriahi,"Odunlade Adekola, Ijeoma Grace Agu, Richard Akinlade, Babajide Alimison, Hafeez Oyetoro, Femi Jacobs, Toyin Oshinaike, Kelechi Udegbe",Nigeria,"February 26, 2020",2015,TV-MA,94 min,"Comedies, Dramas, Independent Movies","After his father dies, a young mechanic moves to the city to drive the old man’s taxi, and encounters assassins and a motley crew of urban weirdos.",Taxi Driver
s2984,TV Show,Night on Earth,N/A,Samira Wiley,United Kingdom,"January 29, 2020",2020,TV-PG,1 Season,"Docuseries, Science & Nature TV","This nature series’ new technology lifts night’s veil to reveal the hidden lives of the world’s creatures, from lions on the hunt to bats on the wing.",Night on Earth
s3069,Movie,Pan's Labyrinth,Guillermo del Toro,"Ivana Baquero, Sergi López, Maribel Verdú, Doug Jones, Ariadna Gil, Álex Angulo, Manolo Solo, César Vea, Roger Casamajor, Sergi Lopez","Mexico, Spain","January 1, 2020",2006,R,119 min,"Dramas, International Movies, Sci-Fi & Fantasy",Young Ofelia meets a mythical faun who claims she is destined to become princess of the Underworld. But first she must carry out three perilous tasks.,Pan's Labyrinth
s3132,Movie,Dil Chahta Hai,Farhan Akhtar,"Aamir Khan, Saif Ali Khan, Akshaye Khanna, Preity Zinta, Sonali Kulkarni, Dimple Kapadia, Ayub Khan, Rajat Kapoor, Suhasini Mulay, Ahmed Khan",India,"December 15, 2019",2001,TV-14,185 min,"Comedies, Dramas, International Movies","Inseparable childhood friends Akash, Sameer and Siddharth are just out of college. Nothing comes between them – until they each fall in love.",Dil Chahta Hai
s3150,Movie,Zindagi Na Milegi Dobara,Zoya Akhtar,"Hrithik Roshan, Abhay Deol, Farhan Akhtar, Katrina Kaif, Kalki Koechlin, Deepti Naval, Naseeruddin Shah, Ariadna Cabrol",India,"December 15, 2019",2011,TV-14,154 min,"Comedies, Dramas, International Movies",Three friends on an adventurous road trip/bachelor party in Spain learn some lessons about themselves and each other that will change them forever.,Zindagi Na Milegi Dobara
s3170,Movie,Marriage Story,Noah Baumbach,"Scarlett Johansson, Adam Driver, Laura Dern, Alan Alda, Ray Liotta, Julie Hagerty, Merritt Wever, Azhy Robertson","United Kingdom, United States","December 6, 2019",2019,R,137 min,Dramas,Academy Award-nominated filmmaker Noah Baumbach directs this incisive and compassionate look at a marriage coming apart and a family staying together.,Marriage Story
s3228,Movie,The Irishman,Martin Scorsese,"Robert De Niro, Al Pacino, Joe Pesci, Harvey Keitel, Ray Romano, Bobby Cannavale, Anna Paquin, Stephen Graham, Stephanie Kurtzuba, Kathrine Narducci, Welker White, Jesse Plemons, Jack Huston, Domenick Lombardozzi, Louis Cancelmi, Paul Herman, Gary Basaraba, Marin Ireland, Sebastian Maniscalco, Steven Van Zandt",United States,"November 27, 2019",2019,R,209 min,Dramas,Hit man Frank Sheeran looks back at the secrets he kept as a loyal member of the Bufalino crime family in this acclaimed film from Martin Scorsese.,The Irishman
s3274,Movie,Klaus,Sergio Pablos,"Jason Schwartzman, J.K. Simmons, Rashida Jones, Will Sasso, Neda Margrethe Labba, Sergio Pablos, Norm Macdonald, Joan Cusack","Spain, United Kingdom","November 15, 2019",2019,PG,98 min,"Children & Family Movies, Comedies","A selfish postman and a reclusive toymaker form an unlikely friendship, delivering joy to a cold, dark town that desperately needs it.",Klaus
s3335,Movie,Drive,Tarun Mansukhani,"Jacqueline Fernandez, Sushant Singh Rajput, Boman Irani, Pankaj Tripathi, Vikramjeet Virk, Sapna Pabbi, Vibha Chhibber, Kaustubh Kumar",India,"November 1, 2019",2019,TV-14,119 min,"Action & Adventure, International Movies","A notorious thief allies with a street racer for a grand heist involving an elaborate game of deceit with authorities, who have their own dirty secrets.",Drive
s3714,Movie,Kahaani,Sujoy Ghosh,"Vidya Balan, Parambrata Chatterjee, Dhritiman Chatterjee, Saswata Chatterjee, Indraneil Sengupta, Nawazuddin Siddiqui, Darshan Jariwala, Masood Akhtar, Riddhi Sen",India,"June 26, 2019",2012,TV-14,122 min,"International Movies, Music & Musicals, Thrillers","Pregnant and alone in the city of Kolkata, a woman begins a relentless search for her missing husband, only to find that nothing is what it seems.",Kahaani
s3909,Movie,About Time,Richard Curtis,"Domhnall Gleeson, Rachel McAdams, Bill Nighy, Lydia Wilson, Lindsay Duncan, Richard Cordery, Tom Hollander, Margot Robbie, Joshua McGuire, Vanessa Kirby",United Kingdom,"April 16, 2019",2013,R,123 min,"Comedies, Dramas, International Movies","When Tim learns that the men in his family can travel in time and change their own lives, he decides to go back and win the woman of his dreams.",About Time
s3929,TV Show,Persona,"Lee Kyoungmi, Yim Pilsung, Jeon Go-woon, Kim Jong-kwan","Lee Ji-eun (IU), Bae Doona, Park Hae Soo, Kim Tae-hun, Shim Dal-gi, Lee Sung-wook, Jung Jun Won",South Korea,"April 11, 2019",2019,TV-MA,1 Season,"International TV Shows, Korean TV Shows, TV Dramas",An exploration of different personas in an eclectic collection of four works by critically acclaimed Korean directors.,Persona
s4218,Movie,Monty Python and the Holy Grail,"Terry Gilliam, Terry Jones","Graham Chapman, John Cleese, Eric Idle, Terry Gilliam, Terry Jones, Michael Palin, Connie Booth, Carol Cleveland, Neil Innes",United Kingdom,"January 2, 2019",1975,PG,92 min,"Action & Adventure, Classic Movies, Comedies",The Monty Python comedy clan skewers King Arthur and his Knights of the Round Table as they quest far and wide for the Holy Grail.,Monty Python and the Holy Grail
s4263,TV Show,Watership Down,Noam Murro,"James McAvoy, Nicholas Hoult, John Boyega, Ben Kingsley, Tom Wilkinson, Gemma Arterton, Peter Capaldi, Olivia Colman, Mackenzie Crook, Anne-Marie Duff, Taron Egerton, James Faulkner, Freddie Fox, Lee Ingleby, Miles Jupp, Daniel Kaluuya, Rory Kinnear, Craig Parkinson, Rosamund Pike, Daniel Rigby, Jason Watkins","United Kingdom, Ireland, United States","December 23, 2018",2018,TV-PG,1 Season,"British TV Shows, International TV Shows, TV Action & Adventure",A warren of rabbits battles many threats on their daring journey to find a new home in this adaptation of the classic novel by Richard Adams.,Watership Down
s4288,Movie,Andhadhun,Sriram Raghavan,"Tabu, Ayushmann Khurrana, Radhika Apte, Anil Dhawan, Manav Vij, Zakir Hussain, Ashwini Kalsekar, Chhaya Kadam, Pawan Singh, Kabir Sajid",India,"December 16, 2018",2018,TV-14,137 min,"Comedies, Dramas, International Movies",A visually impaired pianist’s world careens into a series of shocking twists after he unintentionally lands at the murder scene of a former film star.,Andhadhun
s4295,Movie,The Theory of Everything,James Marsh,"Emily Watson, Charlie Cox, Felicity Jones, Maxine Peake, Harry Lloyd, Eddie Redmayne, David Thewlis, Simon McBurney","United Kingdom, Japan","December 16, 2018",2014,PG-13,123 min,"Dramas, Romantic Movies","As his esteem grows in the world of physics, Stephen Hawking's body is ravaged by ALS, forcing his increasing dependence on his devoted wife, Jane.",The Theory of Everything
s4375,Movie,Sabrina,Rocky Soraya,"Luna Maya, Christian Sugiono, Sara Wijayanto, Jeremy Thomas, Richelle Georgette Skornicki, Rizky Hanggono, Asri Handayani",Indonesia,"November 20, 2018",2018,TV-MA,114 min,"Horror Movies, International Movies",A toy manufacturer and his wife are terrorized by a demon after their orphaned niece tries to summon her late mother's spirit using a spooky ritual.,Sabrina
s4400,TV Show,Warrior,N/A,"Dar Salim, Danica Curcic, Lars Ranthe, Marco Ilsø, Søren Malling, Jakob Oftebro",Denmark,"November 13, 2018",2018,TV-MA,1 Season,"Crime TV Shows, International TV Shows, TV Dramas",A war veteran plagued by guilt over his final mission teams up with his best friend's widow to infiltrate a dangerous Copenhagen biker gang.,Warrior
s4427,Movie,Barfi!,Anurag Basu,"Ranbir Kapoor, Priyanka Chopra, Ileana D'Cruz, Saurabh Shukla, Ashish Vidyarthi, Rupa Ganguly, Bholaraj Sapkota, Jishu Sengupta, Haradhan Bannerjee",India,"November 1, 2018",2012,TV-14,144 min,"Comedies, Dramas, International Movies","Years after rejecting Barfii, a hearing and speech impaired young man, for a more ""appropriate"" suitor, Shruti finds herself falling for him.",Barfi!
s4456,Movie,Paan Singh Tomar,Tigmanshu Dhulia,"Irrfan Khan, Mahie Gill, Rajendra Gupta, Brijendra Kala, Jahangir Khan, Vipin Sharma, Zakir Hussain",India,"November 1, 2018",2010,TV-14,129 min,"Action & Adventure, Dramas, International Movies",Paan Singh Tomar goes from celebrated runner to star brigand and rebel when life after sports fails to unfold as planned.,Paan Singh Tomar
s4563,Movie,Dev.D,Anurag Kashyap,"Abhay Deol, Mahie Gill, Kalki Koechlin, Sindbad Phgura, Ammo 'Too Sweet', Jimi the Quiff, Parakh Madan",India,"October 1, 2018",2009,TV-MA,137 min,"Dramas, International Movies, Romantic Movies","Because they come from different castes, the son of a tax collector and his true love are not allowed to marry, sending them down divergent paths.",Dev.D
s4611,Movie,Udaan,Vikramaditya Motwane,"Rajat Barmecha, Ronit Roy, Ram Kapoor, Aayan Boradia, Manjot Singh, Anand Tiwari, Raja Hudda, Shaunak Sengupta, Varun Khettry, Akshay Sachdev",India,"October 1, 2018",2010,TV-MA,137 min,"Dramas, Independent Movies, International Movies","Upon returning to his industrial hometown, a young man must decide whether to follow his own dreams or acquiesce to his father's plans for his future.",Udaan
s4661,Movie,PK,Rajkumar Hirani,"Aamir Khan, Anuskha Sharma, Sanjay Dutt, Saurabh Shukla, Parikshat Sahni, Sushant Singh Rajput, Boman Irani, Rukhsar",India,"September 6, 2018",2014,TV-14,146 min,"Comedies, Dramas, International Movies",Aamir Khan teams with director Rajkumar Hirani to play a social crusader in a political satire on the state of corruption in India.,PK
s4690,TV Show,The Innocents,N/A,"Sorcha Groundsell, Percelle Ascott, Guy Pearce, Sam Hazeldine, Nadine Marshall, Jóhannes Haukur Jóhannesson, Laura Birn, Ingunn Beate Øyen, Arthur Hughes, Trond Fausa, Lise Risom Olsen, Philip Wright",United Kingdom,"August 24, 2018",2018,TV-MA,1 Season,"British TV Shows, International TV Shows, Romantic TV Shows",Runaway teen lovers June and Harry find themselves swept up in a dangerous and confusing new world when June begins to display mysterious abilities.,The Innocents
s4726,Movie,Haider,Vishal Bhardwaj,"Shahid Kapoor, Tabu, Shraddha Kapoor, Kay Kay Menon, Irrfan Khan, Narendra Jha",India,"August 2, 2018",2014,TV-MA,154 min,"Dramas, International Movies, Romantic Movies",Shahid Kapoor delivers a searing performance in this Bollywood take on Hamlet that unfolds amid Kashmiri culture and history.,Haider
s4729,Movie,Joker,Shirish Kunder,"Akshay Kumar, Sonakshi Sinha, Shreyas Talpade, Minissha Lamba, Pitobash, Darshan Jariwala, Alexx O'Nell, Asrani, Sanjay Mishra, Vrijesh Hirjee",India,"August 2, 2018",2012,TV-PG,98 min,"Comedies, International Movies, Music & Musicals",A remote village situated neither in India or Pakistan becomes its own republic after inmates at the local mental asylum bust loose and take over.,Joker
s4733,Movie,Rang De Basanti,Rakeysh Omprakash Mehra,"Aamir Khan, Siddharth, Atul Kulkarni, Sharman Joshi, Kunal Kapoor, Alice Patten, Soha Ali Khan, Waheeda Rehman, Kiron Kher, Om Puri, Anupam Kher, Madhavan",India,"August 2, 2018",2006,TV-14,159 min,"Dramas, International Movies",An idealistic English filmmaker casts a group of student actors in her docudrama about India's revolution against British rule in the 1920s.,Rang De Basanti
s5204,Movie,The Hateful Eight,Quentin Tarantino,"Samuel L. Jackson, Kurt Russell, Jennifer Jason Leigh, Walton Goggins, Demián Bichir, Tim Roth, Michael Madsen, Bruce Dern, James Parks, Dana Gourrier, Channing Tatum, Zoë Bell",United States,"October 25, 2017",2015,R,168 min,"Action & Adventure, Thrillers","Years after the Civil War, a bounty hunter and his captive are waylaid by a Wyoming blizzard and hole up in a way station with six dicey strangers.",The Hateful Eight
s5332,Movie,Naked,Michael Tiddes,"Marlon Wayans, Regina Hall, Dennis Haysbert, Loretta Devine, Eliza Coupe, Scott Foley, J.T. Jackson, Brian McKnight, Cory Hardrict, Neil Brown Jr., David Sheridan, Minka Kelly",United States,"August 11, 2017",2017,TV-14,97 min,"Comedies, Romantic Movies","Rob's madly in love and about to be married. Unfortunately, he's also naked, stuck in an elevator and caught in a time loop.",Naked
s5421,Movie,Dangal,Nitesh Tiwari,"Aamir Khan, Sakshi Tanwar, Fatima Sana Shaikh, Sanya Malhotra, Aparshakti Khurana, Zaira Wasim, Suhani Bhatnagar, Ritwik Sahore",India,"June 21, 2017",2016,TV-PG,161 min,"Dramas, International Movies, Sports Movies",A once-promising wrestler pursues the gold medal he never won by training two of his daughters to compete at the Commonwealth Games.,Dangal
s5630,Movie,Pink,Aniruddha Roy Chowdhury,"Tapsee Pannu, Kirti Kulhari, Andrea Tariang, Amitabh Bachchan, Piyush Mishra, Angad Bedi, Vijay Varma, Raashul Tandon, Tushar Pandey, Dhritiman Chatterjee, Mamata Shankar",India,"January 20, 2017",2016,TV-14,130 min,"Dramas, International Movies","A sexual assault victim, unjustly tried for the attempted murder of her attacker, is defended by a retired lawyer who challenges India's rape culture.",Pink
s5652,Movie,Udta Punjab,Abhishek Chaubey,"Shahid Kapoor, Kareena Kapoor, Alia Bhatt, Diljit Dosanjh, Satish Kaushik, Suhail Nayyar, Prabhjyot Singh, Harpreet Singh, Manav Vij, Taran Bajaj",India,"January 1, 2017",2016,TV-MA,146 min,"Dramas, International Movies","Drug abuse and the darker side of Punjab rear their heads in the intense, interwoven tales of a cop, a doctor, a migrant worker and a rock star.",Udta Punjab
s5892,Movie,Beasts of No Nation,Cary Joji Fukunaga,"Idris Elba, Abraham Attah, Kurt Egyiawan, Jude Akuwudike, Emmanuel ""King Kong"" Nii Adom Quaye, Ama K. Abebrese, Kobina Amissah Sam, Francis Weddey, Richard Pepple",United States,"October 16, 2015",2015,TV-MA,137 min,"Dramas, Independent Movies","When civil war tears his family apart, a young West African boy is forced to join a unit of mercenary fighters and transform into a child soldier.",Beasts of No Nation
s6020,Movie,50/50,Jonathan Levine,"Joseph Gordon-Levitt, Seth Rogen, Anna Kendrick, Bryce Dallas Howard, Anjelica Huston, Serge Houde, Andrew Airlie, Matt Frewer, Philip Baker Hall, Marie Avgeropoulos, Jessica Parker Kennedy",United States,"June 1, 2019",2011,R,100 min,"Comedies, Dramas, Independent Movies",An otherwise healthy twentysomething has a comically early midlife crisis when he gets slapped with a cancer diagnosis and a 50-50 chance of survival.,50/50
s6032,Movie,A Clockwork Orange,Stanley Kubrick,"Malcolm McDowell, Patrick Magee, Michael Bates, Warren Clarke, Adrienne Corri, Paul Farrell, Miriam Karlin, James Marcus","United Kingdom, United States","November 1, 2020",1971,R,137 min,"Classic Movies, Cult Movies, Dramas","In this dark satire from director Stanley Kubrick, a young, vicious sociopath in a dystopian England undergoes an experimental rehabilitation therapy.",A Clockwork Orange
s6064,Movie,A Wednesday,Neeraj Pandey,"Anupam Kher, Naseeruddin Shah, Jimmy Shergill, Deepal Shaw, Aamir Bashir, Kali Prasad Mukherjee, Vijay Bhatia, Chetan Pandit",India,"November 1, 2018",2008,TV-MA,103 min,"Action & Adventure, Dramas, International Movies","After receiving an anonymous tip about a bomb, a police commissioner must negotiate with the terrorist, who demands the release of four militants.",A Wednesday
s6136,Movie,American Beauty,Sam Mendes,"Kevin Spacey, Annette Bening, Thora Birch, Wes Bentley, Mena Suvari, Chris Cooper, Peter Gallagher, Allison Janney, Scott Bakula, Sam Robards",United States,"January 1, 2020",1999,R,122 min,Dramas,"While struggling to endure his tightly wound wife, an unfulfilling job and a surly teen, a man becomes obsessed with one of his daughter's friends.",American Beauty
s6144,Movie,American History X,Tony Kaye,"Edward Norton, Edward Furlong, Beverly D'Angelo, Jennifer Lien, Ethan Suplee, Fairuza Balk, Avery Brooks, Elliott Gould, Stacy Keach, William Russ, Guy Torry",United States,"November 1, 2019",1998,R,119 min,Dramas,A neo-Nazi gets sent to prison for murder and comes out a changed man. But can he prevent his younger brother from following in his footsteps?,American History X
s6148,Movie,American Psycho,Mary Harron,"Christian Bale, Willem Dafoe, Jared Leto, Reese Witherspoon, Samantha Mathis, Chloë Sevigny, Justin Theroux, Josh Lucas, Matt Ross, Bill Sage, Cara Seymour, Guinevere Turner","United States, Canada","September 1, 2019",2000,R,102 min,"Comedies, Cult Movies, Dramas","With chiseled good looks that belie his insanity, a businessman takes pathological pride in yuppie pursuits and indulges in sudden homicidal urges.",American Psycho
s6189,Movie,As Good as It Gets,James L. Brooks,"Jack Nicholson, Helen Hunt, Greg Kinnear, Cuba Gooding Jr., Skeet Ulrich, Shirley Knight, Yeardley Smith, Lupe Ontiveros",United States,"January 1, 2020",1997,PG-13,139 min,"Comedies, Romantic Movies","The structured world of a sour, obsessive-compulsive author crumbles when he's drawn into the lives of a stressed-out single mom and his gay neighbor.",As Good as It Gets
s6201,Movie,Avengers: Infinity War,"Anthony Russo, Joe Russo","Robert Downey Jr., Josh Brolin, Mark Ruffalo, Tom Hiddleston, Chris Evans, Chris Hemsworth, Jeremy Renner, Chris Pratt, Elizabeth Olsen, Sebastian Stan, Benedict Cumberbatch, Paul Bettany, Cobie Smulders, Benedict Wong, Zoe Saldana, Karen Gillan, Vin Diesel, Dave Bautista, Bradley Cooper, Pom Klementieff, Scarlett Johansson, Benicio Del Toro, Anthony Mackie, Chadwick Boseman, Danai Gurira, Paul Rudd, Don Cheadle, Tom Holland",United States,"December 25, 2018",2018,PG-13,150 min,"Action & Adventure, Sci-Fi & Fantasy",Superheroes amass to stop intergalactic sociopath Thanos from acquiring a full set of Infinity Stones and wiping out half of all life in the universe.,Avengers: Infinity War
s6312,Movie,Billy Elliot,Stephen Daldry,"Jamie Bell, Gary Lewis, Stuart Wells, Billy Fane, Colin MacLachlan, Nicola Blackwell, Carol McGuigan, Joe Renton, Janine Birkett, Charlie Hardwick, Mike Elliot, Jean Heywood, Jamie Draven, Julie Walters, Trevor Fox, Adam Cooper","United Kingdom, France","February 1, 2019",2000,R,110 min,"Dramas, Independent Movies, International Movies","When a boy trades boxing school for ballet lessons, he may take his newfound talent all the way to the top - and win over his disapproving father.",Billy Elliot
s6323,Movie,Black Hawk Down,Ridley Scott,"Josh Hartnett, Ewan McGregor, Tom Sizemore, Eric Bana, William Fichtner, Ewen Bremner, Sam Shepard, Gabriel Casseus, Kim Coates, Hugh Dancy, Ron Eldard, Ioan Gruffudd, Tom Guiry, Charlie Hofheimer, Danny Hoch, Jason Isaacs, Zeljko Ivanek, Glenn Morshower, Jeremy Piven, Brendan Sexton III","United States, United Kingdom","January 1, 2019",2001,R,144 min,"Action & Adventure, Dramas","When U.S. forces attempt to capture two underlings of a Somali warlord, their helicopters are shot down and the Americans suffer heavy casualties.",Black Hawk Down
s6338,Movie,Blow,Ted Demme,"Johnny Depp, Penélope Cruz, Franka Potente, Rachel Griffiths, Paul Reubens, Jordi Mollà, Cliff Curtis, Miguel Sandoval, Ethan Suplee, Ray Liotta",United States,"October 1, 2019",2001,R,123 min,Dramas,Cocaine smuggler George rises from poverty to become one of the biggest drug dealers in America before his eventual downfall.,Blow
s6359,Movie,Bonnie and Clyde,Arthur Penn,"Warren Beatty, Faye Dunaway, Michael J. Pollard, Gene Hackman, Estelle Parsons, Denver Pyle, Dub Taylor, Evans Evans, Gene Wilder",United States,"January 1, 2021",1967,R,111 min,"Action & Adventure, Classic Movies, Dramas","Bonnie Parker and Clyde Barrow are young, in love and on the run during a bullet-riddled bank robbery spree across Depression-ravaged America.",Bonnie and Clyde
s6428,Movie,Casino Royale,Martin Campbell,"Daniel Craig, Judi Dench, Eva Green, Jeffrey Wright, Mads Mikkelsen, Giancarlo Giannini","United Kingdom, Czech Republic, United States, Germany, Bahamas","August 31, 2020",2006,PG-13,145 min,Action & Adventure,"Daniel Craig makes his debut as the newly minted agent 007, who's pitted against an infamous financier of global terrorism – at the poker table.",Casino Royale
s6432,Movie,Cat on a Hot Tin Roof,Richard Brooks,"Elizabeth Taylor, Paul Newman, Burl Ives, Jack Carson, Judith Anderson, Madeleine Sherwood, Larry Gates, Vaughn Taylor",United States,"November 1, 2019",1958,NR,108 min,"Classic Movies, Dramas","Members of a Southern clan scramble to curry favor with a dying, wealthy patriarch in this adaptation of Tennessee Williams's sizzling stage drama.",Cat on a Hot Tin Roof
s6534,Movie,Cool Hand Luke,Stuart Rosenberg,"Paul Newman, George Kennedy, J.D. Cannon, Lou Antonio, Robert Drivas, Strother Martin, Jo Van Fleet, Harry Dean Stanton, Dennis Hopper, Joe Don Baker, James Gammon, Wayne Rogers",United States,"January 1, 2021",1967,TV-14,127 min,"Classic Movies, Dramas","Luke Jackson likes to do things his own way, which leads to a world of hurt when he ends up in a prison camp – and on the wrong side of its warden.",Cool Hand Luke
s6537,Movie,Coraline,Henry Selick,"Dakota Fanning, Teri Hatcher, John Hodgman, Jennifer Saunders, Dawn French, Keith David, Robert Bailey Jr., Ian McShane",United States,"March 16, 2017",2009,PG,101 min,Children & Family Movies,Curious young Coraline unlocks a door in her family's home and is transported to a universe that strangely resembles her own – only better.,Coraline
s6541,Movie,Crash,Paul Haggis,"Sandra Bullock, Don Cheadle, Matt Dillon, Jennifer Esposito, William Fichtner, Brendan Fraser, Terrence Howard, Ludacris, Thandie Newton, Ryan Phillippe, Larenz Tate, Nona Gaye, Michael Peña","United States, Germany","October 1, 2019",2004,R,112 min,"Dramas, Independent Movies","In post-Sept. 11 Los Angeles, tensions erupt when the lives of people from all walks of life converge during a 36-hour period.",Crash
s6556,Movie,Dallas Buyers Club,Jean-Marc Vallée,"Matthew McConaughey, Jennifer Garner, Jared Leto, Denis O'Hare, Steve Zahn, Michael O'Neill, Dallas Roberts, Griffin Dunne, Kevin Rankin, Donna DuPlantier",United States,"January 16, 2018",2013,R,117 min,"Dramas, Independent Movies, LGBTQ Movies","Refusing to accept a death sentence from his doctor after being diagnosed with AIDS in 1986, Ron Woodroof smuggles medications from abroad.",Dallas Buyers Club
s6618,Movie,District 9,Neill Blomkamp,"Sharlto Copley, Jason Cope, David James, Vanessa Haywood, Mandla Gaduka, Kenneth Nkosi, Eugene Khumbanyiwa, Louis Minnaar, William Allen Young, Nathalie Boltt","South Africa, United States, New Zealand, Canada","November 4, 2019",2009,R,112 min,"Action & Adventure, International Movies, Sci-Fi & Fantasy","After years of segregation and forced labor, a race of stranded aliens enlists in a resistance movement spearheaded by a rogue government agent.",District 9
s6620,Movie,Doctor Zhivago,David Lean,"Omar Sharif, Julie Christie, Geraldine Chaplin, Rod Steiger, Alec Guinness, Tom Courtenay, Siobhan McKenna, Ralph Richardson, Jeffrey Rockland","United States, Italy, United Kingdom, Liechtenstein","November 1, 2019",1965,PG-13,200 min,"Classic Movies, Dramas, Romantic Movies",A young physician and his beautiful mistress get swept up in the danger and drama of the Bolshevik Revolution in this Oscar-winning epic.,Doctor Zhivago
s6634,Movie,Donnie Brasco,Mike Newell,"Al Pacino, Johnny Depp, Michael Madsen, Bruno Kirby, James Russo, Anne Heche, Zeljko Ivanek, Gerry Becker, Robert Miano, Zach Grenier",United States,"January 1, 2020",1997,R,127 min,"Dramas, Thrillers","When FBI agent Joe Pistone goes undercover to infiltrate the mob, he starts to identify with the made men he's charged with taking down.",Donnie Brasco
s6697,Movie,End of Watch,David Ayer,"Jake Gyllenhaal, Michael Peña, Natalie Martinez, Anna Kendrick, David Harbour, Frank Grillo, America Ferrera, Cle Sloan, Jaime FitzSimons, Cody Horn, Shondrella Avery, America Ferrara",United States,"November 23, 2019",2012,R,109 min,Action & Adventure,"Officers Taylor and Zavala patrol the streets of South Central Los Angeles, an area of the city ruled by gangs and riddled with drug violence.",End of Watch
s6702,Movie,Enter the Dragon,Robert Clouse,"Bruce Lee, John Saxon, Jim Kelly, Ahna Capri, Kien Shih, Robert Wall, Angela Mao, Betty Chung, Geoffrey Weeks, Bolo Yeung, Peter Archer","Hong Kong, United States","January 1, 2021",1973,R,103 min,"Action & Adventure, Classic Movies","Recruited by a British agent, Shaolin master Lee infiltrates a remote island and a brutal martial arts tournament to spy on a sinister crime lord.",Enter the Dragon
s6717,Movie,Ex Machina,Alex Garland,"Domhnall Gleeson, Alicia Vikander, Oscar Isaac, Sonoya Mizuno, Claire Selby, Symara Templeman, Gana Bayarsaikhan, Tiffany Pisani, Corey Johnson, Evie Wray, Deborah Rosan",United Kingdom,"July 26, 2018",2015,R,108 min,"Dramas, Independent Movies, International Movies","A coder at a tech company wins a week-long retreat at the compound of his company's CEO, where he's tasked with testing a new artificial intelligence.",Ex Machina
s6744,Movie,Fear and Loathing in Las Vegas,Terry Gilliam,"Johnny Depp, Benicio Del Toro, Tobey Maguire, Ellen Barkin, Gary Busey, Christina Ricci, Mark Harmon, Cameron Diaz, Katherine Helmond, Michael Jeter, Craig Bierko, Lyle Lovett, Flea, Christopher Meloni, Harry Dean Stanton, Tim Thomerson",United States,"November 1, 2019",1998,R,118 min,"Comedies, Cult Movies, Dramas",A sportswriter and his Samoan lawyer embark on a hallucinogenic three-day romp from Los Angeles to Las Vegas in this counterculture cult favorite.,Fear and Loathing in Las Vegas
s6747,Movie,Fiddler on the Roof,Norman Jewison,"Topol, Norma Crane, Leonard Frey, Molly Picon, Paul Mann, Rosalind Harris, Michele Marsh, Neva Small, Paul Michael Glaser, Ray Lovelock",United States,"July 1, 2020",1971,G,181 min,"Classic Movies, Dramas, Music & Musicals","This adaptation of the musical chronicles the trials of a Jewish peasant, his wife, and their three strong-willed daughters in pre-revolutionary Russia.",Fiddler on the Roof
s6864,Movie,God's Own Country,Francis Lee,"Josh O'Connor, Alec Secareanu, Ian Hart, Gemma Jones",United Kingdom,"May 1, 2018",2017,TV-MA,105 min,"Dramas, Independent Movies, International Movies","In Yorkshire, a withdrawn gay farmer begins a torrid affair with a Romanian migrant worker who shows him the depths of his capacity for affection.",God's Own Country
s6889,Movie,Gran Torino,Clint Eastwood,"Clint Eastwood, Bee Vang, Ahney Her, Christopher Carley, John Carroll Lynch, Brian Haley, Geraldine Hughes, Brian Howe, William Hill, Dreama Walker","Germany, United States","October 1, 2020",2008,R,117 min,Dramas,A newly widowed Korean War veteran faces his racism and his past when the son of the Hmong family next door tries to steal his beloved 1972 Gran Torino.,Gran Torino
s6957,Movie,Hell or High Water,David Mackenzie,"Jeff Bridges, Chris Pine, Ben Foster, Gil Birmingham, Marin Ireland, Katy Mixon, Dale Dickey, Kevin Rankin, William Sterchi",United States,"January 1, 2019",2016,R,102 min,"Dramas, Independent Movies","In a desperate bid to save their family ranch, two brothers stage a series of clever bank robberies with a pair of Texas Rangers in hot pursuit.",Hell or High Water
s6959,Movie,Her,Spike Jonze,"Joaquin Phoenix, Scarlett Johansson, Amy Adams, Rooney Mara, Olivia Wilde, Chris Pratt, Matt Letscher, Portia Doubleday",United States,"July 29, 2018",2013,R,126 min,"Dramas, Romantic Movies, Sci-Fi & Fantasy",Love comes to a lonely writer in the sleekest of packages when he finds himself falling for the advanced operating system he bought to run his life.,Her
s6961,Movie,Hera Pheri,Prakash Mehra,"Amitabh Bachchan, Vinod Khanna, Saira Banu, Sulakshana Pandit, Shreeram Lagoo, Pinchoo Kapoor, P. Jairaj, Yunus Parvez",India,"December 31, 2019",1976,TV-14,156 min,"Action & Adventure, Comedies, Dramas",The bond between two crooks and best friends is threatened when one learns that the other's father had a hand in his own tragic past.,Hera Pheri
s7048,Movie,"I, Daniel Blake",Ken Loach,"Dave Johns, Hayley Squires, Briana Shann, Dylan McKiernan, Kate Rutter, Sharon Percy, Kema Sikazwe, Steven Richens","United Kingdom, France, Belgium","April 19, 2019",2016,R,100 min,"Dramas, Independent Movies","While fighting for his welfare benefits following a job-ending heart attack, a widowed carpenter befriends a single mother in a similar plight.","I, Daniel Blake"
s7072,Movie,Indiana Jones and the Last Crusade,Steven Spielberg,"Harrison Ford, Sean Connery, Denholm Elliott, Alison Doody, John Rhys-Davies, Julian Glover, River Phoenix, Michael Byrne, Kevork Malikyan, Robert Eddison",United States,"January 1, 2019",1989,PG-13,127 min,"Action & Adventure, Children & Family Movies, Classic Movies","Accompanied by his father, Indiana Jones sets off on his third adventure to explore the cradle of civilization on a perilous hunt for the Holy Grail.",Indiana Jones and the Last Crusade
s7078,Movie,Inglourious Basterds,Quentin Tarantino,"Brad Pitt, Mélanie Laurent, Christoph Waltz, Eli Roth, Michael Fassbender, Diane Kruger, Daniel Brühl, Til Schweiger, Gedeon Burkhard, Jacky Ido, B.J. Novak, Sylvester Groth, Martin Wuttke","Germany, United States","July 22, 2019",2009,R,153 min,Action & Adventure,"A Jewish cinema owner in occupied Paris is forced to host a Nazi premiere, where a group of American soldiers called the Basterds plans a face-off.",Inglourious Basterds
s7198,Movie,Kill Bill: Vol. 1,Quentin Tarantino,"Uma Thurman, Lucy Liu, Vivica A. Fox, Daryl Hannah, David Carradine, Michael Madsen, Julie Dreyfus, Chiaki Kuriyama, Sonny Chiba, Gordon Liu","United States, Japan","January 1, 2020",2003,R,111 min,Action & Adventure,"An assassin is shot by her ruthless employer, Bill, and other members of their assassination circle. But she lives – and plots her vengeance.",Kill Bill: Vol. 1
s7199,Movie,Kill Bill: Vol. 2,Quentin Tarantino,"Uma Thurman, David Carradine, Michael Madsen, Daryl Hannah, Gordon Liu, Michael Parks, Perla Haney-Jardine, Helen Kim, Claire Smithies, Clark Middleton",United States,"January 1, 2020",2004,R,137 min,Action & Adventure,"The Bride has three left on her rampage list: Budd, Elle Driver and Bill himself. But when she arrives at Bill's house, she's in for a surprise.",Kill Bill: Vol. 2
s7327,Movie,"Lock, Stock and Two Smoking Barrels",Guy Ritchie,"Jason Flemyng, Dexter Fletcher, Nick Moran, Jason Statham, Steven Mackintosh, Nicholas Rowe, Nick Marcq, Charles Forbes, Vinnie Jones, Lenny McLean",United Kingdom,"January 1, 2019",1998,R,108 min,"Action & Adventure, Comedies, Independent Movies","Hoping to make a bundle in a high-stakes poker game, four shiftless lads from London's East End instead find themselves swimming in debt.","Lock, Stock and Two Smoking Barrels"
s7507,Movie,Moon,Duncan Jones,"Sam Rockwell, Kevin Spacey, Dominique McElligott, Rosie Shaw, Adrienne Shaw, Kaya Scodelario, Benedict Wong, Matt Berry, Malcolm Stewart, Robin Chalk","United Kingdom, United States","January 1, 2020",2009,R,97 min,"Dramas, Independent Movies, Sci-Fi & Fantasy","As he nears the end of a lonely three-year stint on the moon base Sarang, astronaut Sam Bell begins to hear and see strange things.",Moon
s7586,Movie,Nightcrawler,Dan Gilroy,"Jake Gyllenhaal, Rene Russo, Riz Ahmed, Bill Paxton, Kevin Rahm, Michael Hyatt, Ann Cusack, Marco Rodriguez, Michael Papajohn, Kent Shocknek, James Huang",United States,"August 10, 2020",2014,R,118 min,"Dramas, Independent Movies, Thrillers",A young hustler finds success trolling the streets of Los Angeles to film disasters and death. But the darkness he captures starts to take hold of him.,Nightcrawler
s7638,Movie,Ocean's Eleven,Lewis Milestone,"Frank Sinatra, Dean Martin, Sammy Davis Jr., Peter Lawford, Angie Dickinson, Richard Conte, Cesar Romero, Patrice Wymore, Joey Bishop",United States,"November 1, 2019",1960,TV-PG,127 min,"Action & Adventure, Classic Movies, Comedies","Frank Sinatra leads an all-star cast as Danny Ocean, who decides to knock over a few casinos on the Las Vegas Strip with his buddies.",Ocean's Eleven
s7660,Movie,Once Upon a Time in the West,Sergio Leone,"Henry Fonda, Charles Bronson, Claudia Cardinale, Jason Robards, Gabriele Ferzetti, Paolo Stoppa, Woody Strode, Jack Elam, Keenan Wynn, Frank Wolff, Lionel Stander","Italy, United States","November 20, 2019",1968,PG-13,166 min,"Action & Adventure, Classic Movies, International Movies","In this epic spaghetti Western, a flinty gunslinger is hired by a railroad tycoon to kill anyone standing in the way of his trans-American iron horse.",Once Upon a Time in the West
s7736,Movie,Philadelphia,Jonathan Demme,"Tom Hanks, Denzel Washington, Jason Robards, Mary Steenburgen, Antonio Banderas, Ron Vawter, Robert Ridgely, Charles Napier, Lisa Summerour, Obba Babatundé",United States,"July 1, 2019",1993,PG-13,126 min,"Classic Movies, Dramas, LGBTQ Movies",Philadelphia attorney Andrew Beckett launches a wrongful termination suit against his law firm when they fire him because he's gay and HIV-positive.,Philadelphia
s7752,Movie,Platoon,Oliver Stone,"Tom Berenger, Willem Dafoe, Charlie Sheen, Forest Whitaker, Francesco Quinn, John C. McGinley, Richard Edson, Kevin Dillon, Reggie Johnson, Keith David","United States, United Kingdom","November 1, 2020",1986,R,120 min,"Action & Adventure, Classic Movies, Dramas",A soldier grows disillusioned as he's caught between rival sergeants in this semi-autobiographical Vietnam War drama from writer-director Oliver Stone.,Platoon
s7794,Movie,Primal Fear,Gregory Hoblit,"Richard Gere, Edward Norton, Laura Linney, John Mahoney, Alfre Woodard, Frances McDormand, Terry O'Quinn, Andre Braugher, Steven Bauer, Joe Spano, Kenneth Tigar, Tony Plana, Maura Tierney, Stanley Anderson",United States,"December 1, 2019",1996,R,131 min,"Dramas, Thrillers","When a blood-spattered altar boy is found running from a murder scene, his conviction seems certain – but his attorney is determined to win the case.",Primal Fear
s7803,Movie,Pulp Fiction,Quentin Tarantino,"John Travolta, Samuel L. Jackson, Uma Thurman, Harvey Keitel, Tim Roth, Amanda Plummer, Maria de Medeiros, Ving Rhames, Eric Stoltz, Rosanna Arquette, Christopher Walken, Bruce Willis",United States,"January 1, 2019",1994,R,154 min,"Classic Movies, Cult Movies, Dramas","This stylized crime caper weaves together stories featuring a burger-loving hit man, his philosophical partner and a washed-up boxer.",Pulp Fiction
s7821,Movie,Raging Bull,Martin Scorsese,"Robert De Niro, Cathy Moriarty, Joe Pesci, Frank Vincent, Nicholas Colasanto, Theresa Saldana, Mario Gallo, Frank Adonis, Joseph Bono",United States,"October 1, 2019",1980,R,129 min,"Classic Movies, Dramas, Sports Movies","This gritty biopic of brutal boxer Jake LaMotta portrays a tormented soul rising to the top of his sport, only to be undone by his demons.",Raging Bull
s7840,Movie,Rebel Without a Cause,Nicholas Ray,"James Dean, Natalie Wood, Sal Mineo, Jim Backus, Ann Doran, Corey Allen, William Hopper, Rochelle Hudson, Dennis Hopper, Edward Platt",United States,"November 1, 2019",1955,PG-13,111 min,"Classic Movies, Dramas","When Jim Stark arrives in a new town with his troubled past firmly in tow, he quickly falls for the girl next door and befriends the vulnerable Plato.",Rebel Without a Cause
s7880,Movie,Rocky,John G. Avildsen,"Sylvester Stallone, Talia Shire, Burt Young, Carl Weathers, Burgess Meredith, Thayer David, Joe Spinell, Jimmy Gambina, Bill Baldwin",United States,"August 1, 2019",1976,PG,120 min,"Action & Adventure, Classic Movies, Dramas","Sylvester Stallone shot to fame as Rocky Balboa, an unknown fighter who's given a shot at fighting world champ Apollo Creed as a publicity stunt.",Rocky
s7890,Movie,Room,Lenny Abrahamson,"Brie Larson, Jacob Tremblay, Joan Allen, Sean Bridgers, Tom McCamus, William H. Macy, Cas Anvar, Amanda Brugel, Wendy Crewson, Sandy McMaster","Ireland, Canada, United Kingdom, United States","July 19, 2018",2015,R,118 min,"Dramas, Independent Movies","Kidnapped, confined to a tiny room and raped, a young woman gives birth to a son. When he reaches his fifth birthday, she begins plotting an escape.",Room
s7895,Movie,Rosemary's Baby,Roman Polanski,"Mia Farrow, John Cassavetes, Ruth Gordon, Sidney Blackmer, Maurice Evans, Ralph Bellamy, Patsy Kelly, Elisha Cook Jr., Emmaline Henry, Charles Grodin",United States,"November 1, 2019",1968,R,137 min,"Classic Movies, Horror Movies, Thrillers","A woman is thrilled to find out she's pregnant. But as her belly grows, the more certain she becomes that her unborn child is in serious danger.",Rosemary's Baby
s7958,Movie,Schindler's List,Steven Spielberg,"Liam Neeson, Ben Kingsley, Ralph Fiennes, Caroline Goodall, Jonathan Sagall, Embeth Davidtz, Małgorzata Gebel, Shmulik Levy, Mark Ivanir, Beatrice Macola, Friedrich von Thun, Andrzej Seweryn",United States,"April 1, 2018",1993,R,195 min,"Classic Movies, Dramas","Oskar Schindler becomes an unlikely humanitarian, spending his entire fortune to help save 1,100 Jews from Auschwitz during World War II.",Schindler's List
s8004,Movie,Sherlock Holmes,Guy Ritchie,"Robert Downey Jr., Jude Law, Rachel McAdams, Mark Strong, Eddie Marsan, Robert Maillet, Geraldine James, Kelly Reilly, William Houston, James Fox, Hans Matheson","United States, Germany, United Kingdom, Australia","January 1, 2021",2009,PG-13,128 min,"Action & Adventure, Comedies",The game is afoot for an eccentric detective who must use his brains and brawn to track down a nefarious nemesis with the help of his partner.,Sherlock Holmes
s8010,Movie,Short Term 12,Destin Daniel Cretton,"Brie Larson, John Gallagher Jr., Kaitlyn Dever, Rami Malek, Lakeith Stanfield, Kevin Hernandez, Melora Walters, Stephanie Beatriz, Lydia Du Veaux, Alex Calloway, Frantz Turner",United States,"July 18, 2019",2013,R,97 min,"Dramas, Independent Movies","A new charge at a foster care facility dredges up the memories of a young supervisor's own troubled past, and her tough exterior begins eroding.",Short Term 12
s8039,Movie,Sling Blade,Billy Bob Thornton,"Billy Bob Thornton, Dwight Yoakam, J.T. Walsh, John Ritter, Lucas Black, Natalie Canerday, James Hampton, Robert Duvall, Rick Dial, Brent Briscoe",United States,"November 1, 2019",1996,R,135 min,"Dramas, Independent Movies","A man returns home after being released from a psychiatric hospital, where he'd been confined since age 12 for murdering his mother and her lover.",Sling Blade
s8065,TV Show,Spartacus,N/A,"Andy Whitfield, Liam McIntyre, Dustin Clare, John Hannah, Manu Bennett, Lucy Lawless, Peter Mensah, Nick E. Tarabay, Viva Bianca, Lesley-Ann Brandt, Jai Courtney, Daniel Feuerriegel",United States," February 1, 2015",2013,TV-MA,4 Seasons,"TV Action & Adventure, TV Dramas","A Thracian man is condemned to a brutal death in the arena, only to outlast his executioners and be reborn as the enslaved gladiator Spartacus.",Spartacus
s8069,Movie,Spider-Man: Into the Spider-Verse,"Peter Ramsey, Rodney Rothman, Bob Persichetti","Shameik Moore, Jake Johnson, Hailee Steinfeld, Brian Tyree Henry, Lauren Vélez, Mahershala Ali, Lily Tomlin, Kathryn Hahn, Liev Schreiber, Kimiko Glenn, Nicolas Cage, John Mulaney",United States,"June 26, 2019",2018,PG,117 min,"Action & Adventure, Comedies","After being bitten by a radioactive spider, Brooklyn teen Miles Morales gets a crash course in web-slinging from his alternate-dimension counterparts.",Spider-Man: Into the Spider-Verse
s8072,Movie,Spotlight,Tom McCarthy,"Mark Ruffalo, Michael Keaton, Rachel McAdams, Liev Schreiber, John Slattery, Brian d'Arcy James, Stanley Tucci, Billy Crudup, Paul Guilfoyle, Jamey Sheridan",United States,"July 22, 2020",2015,R,129 min,"Dramas, Independent Movies",A team of reporters and editors at the Boston Globe relentlessly investigate a shocking child molestation cover-up by the Catholic Church.,Spotlight
s8148,TV Show,Taken,N/A,"Clive Standen, Jennifer Beals, Gaius Charles, Brooklyn Sudano, Monique Gabriela Curnen, Michael Irby, James Landry Hébert, Jose Pablo Cantillo, James Landry Hebert","France, United States"," January 12, 2019",2018,TV-14,2 Seasons,"Crime TV Shows, TV Action & Adventure, TV Thrillers","After a personal tragedy upends his life, a highly skilled former Green Beret is drawn into a career as a secret government operative.",Taken
s8194,TV Show,The Apartment,N/A,"Jamie Durie, Laurence Llewelyn-Bowen",Singapore," December 14, 2018",2014,TV-PG,2 Seasons,"International TV Shows, Reality TV","With their eyes on the grand prize, amateur designers push their creative limits in this reality competition show hosted by design icon Jamie Durie.",The Apartment
s8273,Movie,The Departed,Martin Scorsese,"Leonardo DiCaprio, Matt Damon, Jack Nicholson, Mark Wahlberg, Martin Sheen, Ray Winstone, Vera Farmiga, Anthony Anderson, Alec Baldwin, Kevin Corrigan","United States, Hong Kong","January 1, 2021",2006,R,151 min,"Dramas, Thrillers",Two rookie Boston cops are sent deep undercover – one inside the gang of a charismatic Irish mob boss and the other double-crossing his own department.,The Departed
s8297,Movie,The Fighter,David O. Russell,"Mark Wahlberg, Christian Bale, Amy Adams, Melissa Leo, Jack McGee, Melissa McMeekin, Bianca Hunter, Erica McDermott, Dendrie Taylor, Jill Quigg, Kate B. O'Brien, Sugar Ray Leonard",United States,"January 13, 2019",2010,R,116 min,"Dramas, Sports Movies","After a string of defeats, a boxer rediscovers his fighting will with help from his trainer and half-brother, a once-talented pugilist.",The Fighter
s8321,Movie,The Girl with the Dragon Tattoo,David Fincher,"Daniel Craig, Rooney Mara, Christopher Plummer, Stellan Skarsgård, Steven Berkoff, Robin Wright, Yorick van Wageningen, Joely Richardson, Geraldine James, Goran Visnjic","United States, Sweden, Norway","January 5, 2021",2011,R,158 min,"Dramas, Thrillers","When a young computer hacker is tasked with investigating a prying journalist, their separate missions become entangled amid a decades-old conspiracy.",The Girl with the Dragon Tattoo
s8342,Movie,The Help,Tate Taylor,"Emma Stone, Viola Davis, Bryce Dallas Howard, Octavia Spencer, Jessica Chastain, Ahna O'Reilly, Allison Janney, Anna Camp, Cicely Tyson, Mike Vogel, Sissy Spacek, Mary Steenburgen, Carol Sutton, Dana Ivey, Amy Beckwith, Aunjanue Ellis, Kelsey Scott, Lauren Miller, Tarra Riggs, Wes Chatham, Ashley Johnson, Roslyn Ruff, Brian Kerwin, Shane McRae, Chris Lowell, Charles Cooper, Leslie Jordan, La Chanze, Elizabeth Smith, Nelsan Ellis, Ritchie Montgomery, Ted Welch, David Oyelowo, Tiffany Brouwer",United States,"June 1, 2020",2011,PG-13,147 min,Dramas,"A young, white writer stirs up the status quo in 1960s Mississippi by interviewing Black housemaids and bringing their stories to the masses.",The Help
s8374,TV Show,The Jungle Book,N/A,"Emma Tate, Jimmy Hibbert, Sam Gold, David Holt, Joseph J. Terry","India, Germany, France","May 11, 2019",2010,TV-Y7,1 Season,Kids' TV,"This animated series follows young Mowgli and his animal mentors Bagheera and Baloo, who do their best to protect him from fierce tiger Shere Khan.",The Jungle Book
s8378,Movie,The King's Speech,Tom Hooper,"Colin Firth, Geoffrey Rush, Helena Bonham Carter, Guy Pearce, Timothy Spall, Derek Jacobi, Jennifer Ehle, Anthony Andrews, Claire Bloom, Eve Best, Michael Gambon","United Kingdom, United States, Australia","June 2, 2018",2010,R,118 min,"Dramas, International Movies","In this biographical drama, Britain's King George VI struggles with an embarrassing stutter until he seeks help from speech therapist Lionel Logue.",The King's Speech
s8395,Movie,The Little Mermaid,"Blake Harris, Chris Bouchard","William Moseley, Poppy Drayton, Loreto Peralta, Armando Gutierrez, Shirley MacLaine, Gina Gershon, Shanna Collins, Chris Yong, Jo Marie Payton, Tom Nowicki",United States,"December 1, 2018",2018,PG,85 min,"Children & Family Movies, Dramas","In this take on the classic tale, a captive circus mermaid transforms the lives of a skeptical journalist and his wide-eyed young sister.",The Little Mermaid
s8397,Movie,The Lives of Others,Florian Henckel von Donnersmarck,"Ulrich Mühe, Martina Gedeck, Sebastian Koch, Ulrich Tukur, Thomas Thieme, Hans-Uwe Bauer, Volkmar Kleinert, Matthias Brenner, Charly Hübner",Germany,"March 15, 2019",2006,R,138 min,"Dramas, International Movies, Thrillers","As a secret police agent eavesdrops on a successful writer in East Germany in 1984, he becomes increasingly fascinated by the man's life and politics.",The Lives of Others
s8405,Movie,The Lord of the Rings: The Return of the King,Peter Jackson,"Elijah Wood, Ian McKellen, Liv Tyler, Viggo Mortensen, Sean Astin, Cate Blanchett, John Rhys-Davies, Bernard Hill, Billy Boyd, Dominic Monaghan, Orlando Bloom, Hugo Weaving","New Zealand, United States","January 1, 2020",2003,PG-13,201 min,"Action & Adventure, Sci-Fi & Fantasy","Aragorn is revealed as the heir to the ancient kings as he, Gandalf and the other members of the broken fellowship struggle to save Gondor.",The Lord of the Rings: The Return of the King
s8406,Movie,The Lord of the Rings: The Two Towers,Peter Jackson,"Elijah Wood, Ian McKellen, Liv Tyler, Viggo Mortensen, Sean Astin, Cate Blanchett, John Rhys-Davies, Bernard Hill, Christopher Lee, Billy Boyd, Dominic Monaghan, Orlando Bloom","New Zealand, United States","January 1, 2020",2002,PG-13,179 min,"Action & Adventure, Sci-Fi & Fantasy","Frodo and Sam head to Mordor to destroy the One Ring of Power while Gimli, Legolas and Aragorn search for the orc-captured Merry and Pippin.",The Lord of the Rings: The Two Towers
s8415,Movie,The Matrix,"Lilly Wachowski, Lana Wachowski","Keanu Reeves, Laurence Fishburne, Carrie-Anne Moss, Hugo Weaving, Gloria Foster, Joe Pantoliano, Marcus Chong, Julian Arahanga, Matt Doran, Belinda McClory",United States,"November 1, 2019",1999,R,136 min,"Action & Adventure, Sci-Fi & Fantasy","A computer hacker learns that what most people perceive as reality is actually a simulation created by machines, and joins a rebellion to break free.",The Matrix
s8435,Movie,The Naked Gun: From the Files of Police Squad!,David Zucker,"Leslie Nielsen, Priscilla Presley, George Kennedy, Ricardo Montalban, O.J. Simpson, Raye Birk, Susan Beaubian, Nancy Marchand",United States,"January 1, 2021",1988,PG-13,85 min,"Comedies, Cult Movies",Hapless cop Frank Drebin causes more problems than he solves while trying to stop a deadly plot involving Queen Elizabeth II.,The Naked Gun: From the Files of Police Squad!
s8452,Movie,The Perks of Being a Wallflower,Stephen Chbosky,"Logan Lerman, Emma Watson, Ezra Miller, Mae Whitman, Paul Rudd, Nina Dobrev, Johnny Simmons, Dylan McDermott, Kate Walsh, Joan Cusack, Melanie Lynskey",United States,"April 1, 2020",2012,PG-13,103 min,"Comedies, Dramas",A shy freshman struggling with depression deals with his best friend's suicide and his first love in this engaging coming-of-age tale.,The Perks of Being a Wallflower
s8470,Movie,The Pursuit of Happyness,Gabriele Muccino,"Will Smith, Jaden Smith, Thandie Newton, Brian Howe, James Karen, Dan Castellaneta, Kurt Fuller, Takayo Fischer",United States,"October 1, 2019",2006,PG-13,117 min,Dramas,"When Chris and his son are evicted, they face trying times as a desperate Chris accepts an unpaid internship at a stock brokerage firm.",The Pursuit of Happyness
s8512,Movie,The Social Network,David Fincher,"Jesse Eisenberg, Andrew Garfield, Justin Timberlake, Armie Hammer, Max Minghella, Josh Pence, Brenda Song, Rashida Jones, John Getz, David Selby",United States,"April 1, 2020",2010,PG-13,121 min,Dramas,Director David Fincher's biographical drama chronicles the meteoric rise of Facebook CEO Mark Zuckerberg from Harvard sophomore to Internet superstar.,The Social Network
s8581,Movie,Thor: Ragnarok,Taika Waititi,"Chris Hemsworth, Tom Hiddleston, Cate Blanchett, Idris Elba, Jeff Goldblum, Tessa Thompson, Karl Urban, Mark Ruffalo, Anthony Hopkins, Benedict Cumberbatch, Taika Waititi, Rachel House, Clancy Brown, Tadanobu Asano, Ray Stevenson, Zachary Levi, Luke Hemsworth, Sam Neill",United States,"June 5, 2018",2017,PG-13,131 min,"Action & Adventure, Comedies, Sci-Fi & Fantasy","To save Asgard from a bloodthirsty goddess of death, the mighty Thor will have to battle his way to freedom and find a way back home.",Thor: Ragnarok
s8615,Movie,Trainspotting,Danny Boyle,"Ewan McGregor, Ewen Bremner, Jonny Lee Miller, Kevin McKidd, Robert Carlyle, Kelly Macdonald, Peter Mullan, James Cosmo, Eileen Nicholas, Susan Vidler, Pauline Lynch, Shirley Henderson",United Kingdom,"October 1, 2019",1996,R,94 min,"Comedies, Cult Movies, Dramas","Renton and his mates cope with the gritty realities of heroin addiction. But when Renton gets clean, he can't get away from his friends' nasty habits.",Trainspotting
s8636,Movie,True Grit,Henry Hathaway,"John Wayne, Glen Campbell, Kim Darby, Jeremy Slate, Robert Duvall, Dennis Hopper, Alfred Ryder, Strother Martin, Jeff Corey",United States,"January 1, 2020",1969,G,128 min,"Classic Movies, Dramas",Teenage tomboy Mattie Ross enlists the help of crusty lawman Rooster Cogburn to track down the hired hand who murdered her father.,True Grit
s8669,Movie,V for Vendetta,James McTeigue,"Natalie Portman, Hugo Weaving, Stephen Rea, Stephen Fry, John Hurt, Tim Pigott-Smith, Rupert Graves, Roger Allam, Ben Miles, Sinéad Cusack, Natasha Wightman","United States, United Kingdom, Germany","October 1, 2018",2005,R,132 min,"Action & Adventure, Dramas, Sci-Fi & Fantasy","A masked freedom fighter known as ""V"" takes up arms against a totalitarian government and finds an unlikely ally in a young woman.",V for Vendetta
s8746,Movie,Willy Wonka & the Chocolate Factory,Mel Stuart,"Gene Wilder, Jack Albertson, Peter Ostrum, Roy Kinnear, Julie Dawn Cole, Leonard Stone, Denise Nickerson, Dodo Denney, Paris Themmen, Ursula Reit","United States, East Germany, West Germany","January 1, 2020",1971,G,100 min,"Children & Family Movies, Classic Movies, Comedies",Zany Willy Wonka causes a stir when he announces that golden tickets hidden inside his candy bars will admit holders into his secret confectionary.,Willy Wonka & the Chocolate Factory
s8803,Movie,Zodiac,David Fincher,"Mark Ruffalo, Jake Gyllenhaal, Robert Downey Jr., Anthony Edwards, Brian Cox, Elias Koteas, Donal Logue, John Carroll Lynch, Dermot Mulroney, Chloë Sevigny",United States,"November 20, 2019",2007,R,158 min,"Cult Movies, Dramas, Thrillers","A political cartoonist, a crime reporter and a pair of cops investigate San Francisco's infamous Zodiac Killer in this thriller based on a true story.",Zodiac
s8805,Movie,Zombieland,Ruben Fleischer,"Jesse Eisenberg, Woody Harrelson, Emma Stone, Abigail Breslin, Amber Heard, Bill Murray, Derek Graf",United States,"November 1, 2019",2009,R,88 min,"Comedies, Horror Movies","Looking to survive in a world taken over by zombies, a dorky college student teams with an urban roughneck and a pair of grifter sisters.",Zombieland
